DATE,ID_0048TE-ID_0048T11#KPI_1,ID_1574AE-ID_1574A11#KPI_1,ID_1574AE-ID_1574A11#KPI_10,ID_0048TE-ID_0048T11#KPI_12,ID_1574AE-ID_1574A11#KPI_12,ID_0048TE-ID_0048T11#KPI_15,ID_1574AE-ID_1574A11#KPI_15,ID_0048TE-ID_0048T11#KPI_4,ID_1574AE-ID_1574A11#KPI_4
17-09-2018,0.171,,,19,,25571.675,,25571675.21,
18-09-2018,0.118,,,19,,16938.812,,16938811.51,
19-09-2018,0.115,,,19,,16216.239,,16216238.58,
20-09-2018,0.173,,,18,,28437.271,,28437270.76,
21-09-2018,0.111,,,17,,15639.23,,15639230.23,
22-09-2018,0.078,,,17,,3991.346,,3991346.205,
23-09-2018,0.302,,,19,,24634.43,,24634429.76,
24-09-2018,0.154,,,19,,8155.063,,8155063.317,
25-09-2018,0.201,,,19,,13728.051,,13728050.86,
26-09-2018,0.148,,,19,,23384.883,,23384883.23,
27-09-2018,0.125,,,20,,21865.352,,21865352.45,
28-09-2018,0.137,,,18,,13898.157,,13898156.88,
29-09-2018,0.154,,,25,,28736.984,,28736983.61,
30-09-2018,0.145,,,21,,24970.921,,24970921.03,
01-10-2018,0.132,,,20,,11945.437,,11945437.3,
02-10-2018,0.129,,,15,,14717.106,,14717106.28,
03-10-2018,0.108,,,22,,14161.275,,14161275.2,
04-10-2018,0.151,,,20,,23723.953,,23723953.46,
05-10-2018,0.207,,,19,,29207.539,,29207538.7,
06-10-2018,0.139,,,25,,23804.437,,23804437.02,
07-10-2018,0.167,,,20,,29844.914,,29844914.25,
08-10-2018,0.169,,,17,,16325.446,,16325445.65,
09-10-2018,0.116,,,18,,15760.426,,15760425.56,
10-10-2018,0.163,,,18,,21095.453,,21095453.07,
11-10-2018,0.192,,,21,,29827.292,,29827292.27,
12-10-2018,0.202,,,20,,26453.384,,26453383.69,
13-10-2018,0.178,,,21,,36313.977,,36313976.88,
14-10-2018,0.202,,,21,,35010.577,,35010576.9,
15-10-2018,0.19,,,24,0,11970.971,,11970970.59,
16-10-2018,0.135,1.19,0,18,62,20901.785,153225.275,20901785.21,153225274.7
17-10-2018,0.129,0.778,0,20,50,12089.818,181574.766,12089817.9,181574765.9
18-10-2018,0.124,0.757,0,21,50,16525.296,173610.73,16525296.09,173610730.4
19-10-2018,0.153,0.61,0,22,47,17412.99,154205.964,17412989.95,154205964.4
20-10-2018,0.218,0.337,0,35,37,24592.368,87466.639,24592368.41,87466639.14
21-10-2018,0.127,0.256,0,18,39,16700.19,49184.903,16700190.42,49184903.15
22-10-2018,0.152,0.155,0,17,22,13228.002,15851.962,13228002.07,15851961.9
23-10-2018,0.2,0.151,0,19,18,27849.731,22617.266,27849731.39,22617265.78
24-10-2018,0.174,0.141,0,17,19,16974.452,13440.641,16974451.52,13440641.2
25-10-2018,0.142,0.115,0,18,18,18373.146,15450.634,18373145.61,15450633.78
26-10-2018,0.256,0.117,0,22,20,29351.421,17675.423,29351420.94,17675423.23
27-10-2018,0.236,0.105,0,22,19,37198.357,23023.404,37198356.7,23023403.78
28-10-2018,0.271,0.122,0,25,21,54665.477,23024.547,54665476.62,23024546.85
29-10-2018,0.145,0.142,0,18,17,18832.534,30298.042,18832534.19,30298042.32
30-10-2018,0.216,0.164,0,20,21,21923.236,12483.245,21923235.99,12483245.25
31-10-2018,0.225,0.163,0,17,21,32240.791,23325.689,32240790.87,23325688.55
01-11-2018,0.255,0.195,0,19,23,61751.961,41567.599,61751960.71,41567599.27
02-11-2018,0.206,0.191,0,24,20,48331.377,22183.052,48331377.25,22183052.39
03-11-2018,0.237,0.162,0,21,23,55475.378,29591.852,55475377.98,29591852.41
04-11-2018,0.181,0.178,0,21,20,46914.584,30953.371,46914583.55,30953371.35
05-11-2018,0.169,0.19,0,17,17,20448.39,18289.705,20448389.5,18289704.84
06-11-2018,0.245,0.179,0,20,19,30254.701,26973.028,30254700.6,26973028.39
07-11-2018,0.217,0.181,0,19,20,60849.8,29946.917,60849799.89,29946917.25
08-11-2018,0.224,0.158,0,19,19,39491.353,23670.349,39491353,23670349.19
09-11-2018,0.231,0.212,0,19,18,50859.075,36484.391,50859075.06,36484391.37
10-11-2018,0.224,0.202,0,21,20,69723.755,44335.637,69723755.49,44335637.24
11-11-2018,0.265,0.23,0,20,19,60010.971,47019.918,60010970.74,47019918.24
12-11-2018,0.223,0.238,0,19,20,68574.409,35553.251,68574409.19,35553250.62
13-11-2018,0.255,0.195,0,18,21,28743.454,28069.43,28743454.26,28069430.27
14-11-2018,0.199,0.283,0,22,19,32762.424,33430.291,32762423.55,33430291.43
15-11-2018,0.137,0.24,0,18,18,30095.633,24904.664,30095633,24904664
16-11-2018,0.159,0.265,0,20,22,36788.513,35944.424,36788512.52,35944424.46
17-11-2018,0.216,0.241,0,20,23,41063.127,48699.378,41063127.45,48699378.03
18-11-2018,0.266,0.258,0,20,22,59561.015,47825.666,59561015.18,47825665.88
19-11-2018,0.177,0.184,0,20,21,47064.73,20181.099,47064729.99,20181099.41
20-11-2018,0.225,0.169,0,19,20,58650.99,19791.145,58650990.33,19791145.07
21-11-2018,0.279,0.222,0,24,25,51624.82,18618.325,51624819.86,18618325.39
22-11-2018,0.282,0.27,0,19,28,54488.09,20197.397,54488090,20197397.15
23-11-2018,0.274,0.25,0,19,35,100075.237,30784.813,100075237.5,30784812.67
24-11-2018,0.227,0.167,0,19,22,83108.988,18611.229,83108987.8,18611228.65
25-11-2018,0.251,0.172,0,20,25,110362.584,19944.738,110362584.2,19944738.43
26-11-2018,0.156,0.144,0,20,18,27689.386,19181.018,27689385.65,19181018.16
27-11-2018,0.216,0.153,0,21,17,61413.725,15195.687,61413725.15,15195686.64
28-11-2018,0.244,0.148,0,22,16,65658.143,11721.194,65658143.31,11721194.27
29-11-2018,0.195,0.167,0,21,16,71490.726,16506.372,71490726.38,16506372.02
30-11-2018,0.283,0.125,0,20,16,66271.998,13962.345,66271998.12,13962344.92
01-12-2018,0.245,0.134,0,21,19,78879.842,21325.552,78879842.29,21325552.04
02-12-2018,0.221,0.228,0,25,18,83304.29,39086.285,83304289.57,39086285.4
03-12-2018,0.199,0.191,0,19,18,51012.534,28166.565,51012533.56,28166565.17
04-12-2018,0.254,0.202,0,20,20,85153.978,29773.484,85153978.24,29773484.22
05-12-2018,0.219,0.222,0,19,20,51917.94,27571.169,51917939.64,27571168.98
06-12-2018,0.306,0.27,0,19,17,61874.405,43981.416,61874404.8,43981415.69
07-12-2018,0.366,0.234,0,21,17,96178.449,32292.942,96178448.99,32292941.99
08-12-2018,0.352,0.262,0,25,19,117795.807,45908.201,117795807,45908200.93
09-12-2018,0.406,0.231,0,24,21,131850.121,32923.783,131850121.1,32923782.78
10-12-2018,0.282,0.179,0,19,17,72472.576,10135.352,72472576.11,10135351.56
11-12-2018,0.391,0.264,0,23,18,99194.985,14417.016,99194984.64,14417016.17
12-12-2018,0.437,0.251,0,24,19,111344.62,18428.709,111344620.2,18428708.75
13-12-2018,0.411,0.238,0,22,19,115111.649,19484.214,115111649.4,19484213.98
14-12-2018,0.424,0.176,0,23,17,119095.355,19514.465,119095355.1,19514465.07
15-12-2018,0.302,0.126,0,21,20,73814.044,25038.725,73814043.98,25038725.09
16-12-2018,0.277,0.215,0,17,21,77024.556,32382.658,77024555.63,32382657.83
17-12-2018,0.292,0.203,0,18,18,71534.48,15107.551,71534479.54,15107550.58
18-12-2018,0.356,0.289,0,26,17,69552.076,18578.31,69552076.41,18578309.57
19-12-2018,0.279,0.21,0,19,19,74707.928,15307.172,74707928.41,15307171.65
20-12-2018,0.308,0.283,0,18,20,77061.852,20939.052,77061852.13,20939051.94
21-12-2018,0.301,0.161,0,19,19,75288.071,18888.477,75288071.11,18888477.02
22-12-2018,0.204,0.229,0,17,21,56475.076,39343.275,56475075.91,39343274.65
23-12-2018,0.232,0.327,0,19,28,62736.472,57017.387,62736472.26,57017386.57
24-12-2018,0.262,0.251,0,21,28,99968.027,28759.441,99968027.4,28759441.23
25-12-2018,0.246,0.272,0,22,24,67888.174,35369.96,67888174.13,35369960.2
26-12-2018,0.219,0.284,0,19,31,71968.213,50630.88,71968213.15,50630880.27
27-12-2018,0.288,0.275,0,20,22,67875.801,42209.42,67875801.17,42209419.9
28-12-2018,0.267,0.227,0,20,21,66615.034,27440.831,66615033.64,27440830.92
29-12-2018,0.185,0.268,0,22,26,49556.178,34544.161,49556177.98,34544161.42
30-12-2018,0.269,0.35,0,20,23,77067.57,39717.172,77067570.09,39717172.15
31-12-2018,0.229,0.292,0,22,23,71824.721,39318.578,71824720.69,39318578.45
01-01-2019,0.266,0.298,0,19,23,74013.455,40831.235,74013454.98,40831234.75
02-01-2019,0.308,0.285,0,21,21,70302.549,31300.935,70302549.04,31300935.13
03-01-2019,0.268,0.377,0,18,23,73635.042,39930.272,73635042.36,39930271.7
04-01-2019,0.311,0.31,0,20,19,79151.538,38812.634,79151538.48,38812634.27
05-01-2019,0.268,0.231,0,20,23,84885.029,38278.238,84885029.07,38278238.45
06-01-2019,0.191,0.316,0,15,20,61496.646,47624.83,61496645.82,47624830.4
07-01-2019,0.335,0.328,0,18,20,57802.423,33149.283,57802422.92,33149283.05
08-01-2019,0.451,0.261,0,21,19,79397.225,27424.875,79397224.51,27424874.92
09-01-2019,0.311,0.285,0,23,21,70975.898,30744.176,70975898.01,30744175.63
10-01-2019,0.343,0.327,0,20,20,73074.83,49579.371,73074829.58,49579370.74
11-01-2019,0.416,0.332,0,26,20,104158.649,60114.927,104158649.1,60114926.88
12-01-2019,0.316,0.325,0,23,22,97806.82,48436.87,97806820.4,48436870.18
13-01-2019,0.384,0.26,0,24,19,116164.469,28358.067,116164469.5,28358067.3
14-01-2019,0.299,0.194,0,21,17,77717.389,26943.434,77717388.75,26943434.27
15-01-2019,0.348,0.148,0,19,22,90652.397,26706.151,90652397.28,26706151.12
16-01-2019,0.331,0.149,0,19,18,51825.018,18254.812,51825017.55,18254811.51
17-01-2019,0.223,0.205,0,20,19,31058.686,27130.386,31058686.22,27130385.82
18-01-2019,0.332,0.152,0,22,16,83428.616,20216.079,83428616.38,20216078.88
19-01-2019,0.297,0.165,0,26,21,112012.571,28555.637,112012571.2,28555636.67
20-01-2019,0.298,0.154,0,22,19,89302.702,23531.378,89302701.64,23531377.78
21-01-2019,0.275,0.212,0,21,19,85352.202,18866.983,85352202.33,18866983.49
22-01-2019,0.378,0.208,0,24,20,86381.652,19101.625,86381651.91,19101625.09
23-01-2019,0.269,0.262,0,26,19,57561.923,23134.205,57561922.91,23134204.89
24-01-2019,0.271,0.23,0,24,19,39977.402,19234.158,39977402.22,19234157.57
25-01-2019,0.283,0.259,0,23,20,52148.692,18073.411,52148691.71,18073411.39
27-01-2019,0.294,0.301,0,22,18,19638.351,16073.104,19638350.82,16073103.6
28-01-2019,0.287,0.296,0,19,18,37210.056,8799.525,37210055.89,8799525.469
29-01-2019,0.296,0.21,0,18,20,75197.885,19246.951,75197884.68,19246950.66
30-01-2019,0.224,0.219,0,19,19,53197.355,29786.398,53197354.54,29786398.49
31-01-2019,0.266,0.345,0,18,22,65460.517,68358.043,65460517.47,68358042.82
01-02-2019,0.273,0.331,0,17,22,59261.095,52245.275,59261094.83,52245275.43
02-02-2019,0.213,0.342,0,20,22,62240.746,62398.955,62240746.01,62398955.26
03-02-2019,0.241,0.237,0,17,21,93361.928,57977.793,93361928.29,57977792.77
04-02-2019,0.189,0.39,0,18,22,50207.121,59368.218,50207121.19,59368217.52
05-02-2019,0.288,0.246,0,17,19,45661.837,42207.148,45661837.09,42207148.34
06-02-2019,0.334,0.188,0,19,17,73878.301,15177.31,73878301,15177310.03
07-02-2019,0.361,0.349,0,17,20,28694.41,23087.049,28694410.31,23087048.79
08-02-2019,0.229,0.246,0,19,17,53693.726,46808.683,53693725.95,46808683.09
09-02-2019,0.355,0.233,0,25,19,90961.975,56088.098,90961975.45,56088098.35
10-02-2019,0.256,0.264,0,19,19,90475.543,52385.931,90475543.05,52385930.64
11-02-2019,0.187,0.346,0,26,26,23621.561,47515.855,23621561.22,47515855.11
12-02-2019,0.252,0.402,0,17,24,27476.773,74667.012,27476772.54,74667011.69
13-02-2019,0.211,0.337,0,22,23,23718.748,49072.807,23718747.5,49072806.76
14-02-2019,0.224,0.425,0,19,25,27258.311,69115.697,27258311.27,69115696.97
15-02-2019,0.271,0.344,0,19,22,40190.138,27425.535,40190138.09,27425534.64
16-02-2019,0.188,0.261,0,19,24,22161.203,40551.778,22161202.87,40551778.42
17-02-2019,0.181,0.277,0,18,21,22904.259,57282.359,22904258.59,57282359.19
18-02-2019,0.202,0.239,0,16,21,17067.83,38632.625,17067829.75,38632625.41
19-02-2019,0.293,0.217,0,18,19,60995.87,46028.338,60995870.48,46028337.57
20-02-2019,0.331,0.294,0,18,19,101152.871,46533.961,101152870.8,46533960.52
21-02-2019,0.294,0.337,0,21,20,59848.565,38183.654,59848565.45,38183653.76
22-02-2019,0.196,0.228,0,20,21,44269.522,41905.39,44269521.97,41905390.18
23-02-2019,0.204,0.27,0,18,27,74606.491,52832.291,74606491.37,52832290.66
24-02-2019,0.308,0.234,0,19,22,124105.431,43236.468,124105430.7,43236467.97
25-02-2019,0.22,0.313,0,19,19,91563.438,30980.162,91563438.17,30980161.79
26-02-2019,0.284,0.225,0,18,18,76538.092,31333.458,76538091.78,31333457.95
27-02-2019,0.246,0.259,0,24,18,64615.714,43756.405,64615714.06,43756405.41
28-02-2019,0.368,0.249,0,17,25,94849.568,31576.222,94849567.64,31576222.4
01-03-2019,0.338,0.309,0,21,20,109251.908,25196.939,109251907.7,25196939.31
02-03-2019,0.405,0.199,0,22,21,140211.668,38401.394,140211668,38401393.68
03-03-2019,0.383,0.22,0,25,23,143163.772,36027.383,143163772.1,36027383.45
04-03-2019,0.221,0.293,0,17,20,72167.808,25412.677,72167807.77,25412677.46
05-03-2019,0.255,0.185,0,20,21,60465.892,21955.068,60465892.47,21955067.61
06-03-2019,0.284,0.27,0,20,21,59550.837,32743.356,59550837.29,32743355.69
07-03-2019,0.259,0.237,0,18,25,47304.55,36383.123,47304549.95,36383123.02
08-03-2019,0.28,0.242,0,20,19,57145.695,38441.28,57145695.03,38441280.04
09-03-2019,0.366,0.134,0,17,19,59786.445,14300.08,59786445.34,14300080.21
10-03-2019,0.229,0.177,0,19,18,66739.918,22565.595,66739918.39,22565595.39
11-03-2019,0.318,0.278,0,17,21,80098.259,20614.326,80098259.4,20614325.69
12-03-2019,0.19,0.227,0,21,22,40697.336,22221.335,40697336.29,22221334.85
13-03-2019,0.286,0.262,0,22,22,38135.881,24860.991,38135881.32,24860991.01
14-03-2019,0.246,0.183,0,20,19,9168.807,18774.409,9168807.462,18774409.46
15-03-2019,0.293,0.18,0,21,20,52409.538,24524.225,52409537.62,24524225.28
16-03-2019,0.255,0.194,0,21,21,80762.244,26472.186,80762244.45,26472185.64
17-03-2019,0.313,0.2,0,19,22,87694.299,29476.26,87694298.77,29476259.57
18-03-2019,0.304,0.272,0,17,25,80856.927,23829.775,80856927.24,23829775.34
19-03-2019,0.312,0.282,0,20,21,108990.277,34023.791,108990277.1,34023791.02
20-03-2019,0.363,0.186,0,21,19,111163.292,20108.053,111163291.8,20108053.36
21-03-2019,0.38,0.291,0,19,23,111267.398,40303.512,111267397.8,40303512.26
22-03-2019,0.224,0.3,0,18,26,26770.987,37843.312,26770987.16,37843311.7
23-03-2019,0.33,0.332,0,24,29,66390.425,62931.228,66390424.78,62931228.2
24-03-2019,0.268,0.325,0,24,28,59858.072,50538.902,59858072.34,50538901.54
25-03-2019,0.304,0.293,0,20,25,65152.154,41700.751,65152154.5,41700750.77
26-03-2019,0.346,0.307,0,26,27,54975.589,33477.458,54975588.79,33477458.23
27-03-2019,0.347,0.312,0,19,21,76512.727,49336.694,76512727.05,49336694.39
28-03-2019,0.281,0.353,0,19,23,66151.811,53034.696,66151810.61,53034696.27
29-03-2019,0.362,0.27,0,21,31,83778.602,45794.269,83778601.99,45794269.23
30-03-2019,0.433,0.38,0,26,27,83448.276,101784.918,83448275.55,101784917.6
31-03-2019,0.287,0.419,0,23,27,52301.065,113599.092,52301064.79,113599091.7
01-04-2019,0.31,0.352,0,21,28,45660.876,57384.182,45660876.48,57384181.66
02-04-2019,0.374,0.276,0,29,29,57155.619,28874.754,57155619.03,28874754.01
03-04-2019,0.398,0.34,0,22,23,92598.098,45264.516,92598098.14,45264516.27
04-04-2019,0.413,0.364,0,23,26,85751.398,46492.652,85751398.38,46492652.06
05-04-2019,0.453,0.338,0,23,28,93395.783,54978.437,93395783.16,54978437.29
06-04-2019,0.449,0.29,0,25,27,103966.713,53462.073,103966712.8,53462073.37
07-04-2019,0.365,0.265,0,24,27,75963.454,31561.396,75963453.58,31561396.01
08-04-2019,0.344,0.228,0,23,26,60887.831,23180.085,60887830.83,23180085.16
09-04-2019,0.359,0.413,0,24,28,74970.843,36158.746,74970843.04,36158746.17
10-04-2019,0.383,0.387,0,25,30,86029.324,54409.566,86029323.78,54409565.78
11-04-2019,0.307,0.367,0,21,27,67072.343,28012.474,67072342.86,28012473.53
12-04-2019,0.311,0.285,0,21,26,64396.697,34616.557,64396697.4,34616556.66
13-04-2019,0.457,0.437,0,28,35,112867.056,103493.06,112867055.7,103493060
14-04-2019,0.305,0.546,0,24,45,71475,189526.881,71474999.67,189526880.5
15-04-2019,0.372,0.618,0,24,47,82328.965,93633.738,82328965.41,93633738.03
16-04-2019,0.398,0.709,0,31,54,60259.17,111422.274,60259170.36,111422274.1
17-04-2019,0.449,0.889,0,25,58,96120.689,157496.705,96120688.79,157496705.4
18-04-2019,0.47,0.91,0,28,64,114079.564,156873.881,114079564.3,156873881.3
19-04-2019,0.424,0.86,0,31,69,83547.406,124025.416,83547406.14,124025416.3
20-04-2019,0.468,0.859,0,40,60,102980.409,150350.111,102980408.8,150350110.7
21-04-2019,0.37,0.604,0,35,59,69054.629,83053.178,69054629.05,83053177.84
22-04-2019,0.457,0.436,0,28,40,102037.207,69279.551,102037207,69279551.4
23-04-2019,0.442,0.464,0,22,34,86616.808,62766.526,86616808.22,62766526.29
24-04-2019,0.41,0.374,0,20,36,65492.677,50649.028,65492676.53,50649027.74
25-04-2019,0.258,0.395,0,21,38,46699.6,60044.598,46699599.57,60044598.08
26-04-2019,0.388,0.412,0,19,34,89931.57,77470.777,89931570.49,77470777.17
27-04-2019,0.283,0.597,0,20,34,69414.234,113106.63,69414234.36,113106630.4
28-04-2019,0.368,0.351,0,24,27,93406.797,78573.827,93406796.78,78573827.14
29-04-2019,0.271,0.337,0,19,26,46854.75,59764.764,46854750.4,59764763.63
30-04-2019,0.272,0.272,0,28,32,38681.213,42332.535,38681213,42332534.62
01-05-2019,0.367,0.344,0,22,30,61823.843,50736.822,61823843.06,50736822.18
02-05-2019,0.376,0.451,0,25,35,74972.726,60273.035,74972725.74,60273035.39
03-05-2019,0.362,0.448,0,23,35,66663.77,64948.108,66663769.77,64948107.8
04-05-2019,0.296,0.266,0,23,31,67691.779,32554.523,67691778.61,32554522.77
05-05-2019,0.34,0.351,0,32,31,62093.408,50679.132,62093408.43,50679132.33
06-05-2019,0.35,0.473,0,20,38,76027.104,61219.959,76027103.79,61219959.49
07-05-2019,0.373,0.521,0,22,36,72397.872,56836.702,72397871.7,56836701.59
08-05-2019,0.436,0.489,0,23,41,84644.025,59900.909,84644025,59900909.04
09-05-2019,0.376,0.529,0,24,37,63071.886,71232.088,63071886.16,71232088.22
10-05-2019,0.31,0.423,0,26,37,52979.189,61191.626,52979188.72,61191626.12
11-05-2019,0.464,0.435,0,26,47,97608.798,67878.656,97608797.95,67878656.14
12-05-2019,0.432,0.584,0,24,43,84636.697,93441.569,84636697.45,93441568.84
13-05-2019,0.366,0.486,0,22,40,62483.452,58933.119,62483452.39,58933118.88
14-05-2019,0.31,0.43,0,21,41,75477.074,61293.313,75477073.54,61293312.67
15-05-2019,0.424,0.448,0,27,34,92932.909,60133.294,92932908.99,60133293.55
16-05-2019,0.309,0.405,0,21,34,84072.017,65452.473,84072017.21,65452472.53
17-05-2019,0.369,0.557,0,28,45,96057.299,103795.661,96057298.58,103795661.3
18-05-2019,0.347,0.633,0,26,43,66134.078,126483.02,66134077.66,126483020.1
19-05-2019,0.319,0.5,0,25,40,73402.109,105890.62,73402109.19,105890619.7
20-05-2019,0.324,0.423,0,21,43,71318.162,38424.471,71318162.27,38424470.63
21-05-2019,0.357,0.393,0,26,48,77719.809,39786.232,77719809.19,39786232.43
22-05-2019,0.41,0.417,0,20,43,95025.216,38580.925,95025216.27,38580925.43
23-05-2019,0.336,0.46,0,27,50,81303.531,53802.217,81303530.8,53802216.75
24-05-2019,0.284,0.564,0,23,55,44815.988,63378.269,44815988.39,63378269.31
25-05-2019,0.326,0.558,0,24,60,91058.902,85696.104,91058901.55,85696104.41
26-05-2019,0.39,0.59,0,23,91,74559.217,68572.172,74559217.19,68572172.15
27-05-2019,0.286,0.471,0,18,41,51167.046,43569.712,51167045.57,43569712.2
28-05-2019,0.263,0.439,0,27,38,52242.204,39676.712,52242203.62,39676711.9
29-05-2019,0.247,0.376,0,24,46,26195.266,32750.484,26195266.23,32750484.04
30-05-2019,0.282,0.461,0,33,67,50489.935,53991.518,50489934.57,53991517.79
31-05-2019,0.231,0.625,0,28,70,34502.054,74329.19,34502054.4,74329190.47
01-06-2019,0.342,0.62,0,31,61,96819.089,99506.481,96819088.6,99506481.01
02-06-2019,0.274,0.546,0,46,52,50546.169,73704.015,50546168.78,73704015.27
03-06-2019,0.366,0.411,0,19,47,71086.446,38513.274,71086446.12,38513273.63
04-06-2019,0.282,0.402,0,23,42,69925.175,33340.929,69925174.96,33340929
05-06-2019,0.424,0.45,0,26,45,80964.32,41193.564,80964320.09,41193564.42
06-06-2019,0.362,0.475,0,23,219,78318.847,57653.611,78318847.44,57653611.3
07-06-2019,0.266,0.632,0,24,63,47390.421,79678.625,47390421.06,79678625.06
08-06-2019,0.591,0.803,0,57,74,101408.902,118268.043,101408902.1,118268043.4
09-06-2019,0.454,0.979,0,29,59,113100.717,138795.937,113100716.7,138795937.1
10-06-2019,0.3,0.671,0,29,45,57001.66,116590.92,57001660.33,116590919.8
11-06-2019,0.388,0.521,0,22,40,72009.024,87798.615,72009023.92,87798614.69
12-06-2019,0.297,0.794,0,25,61,66138.208,104104.302,66138208.31,104104302.5
13-06-2019,0.311,0.789,0,23,70,59607.593,103190.769,59607592.63,103190768.9
14-06-2019,0.32,0.988,0,24,69,62555.319,121592.679,62555319.28,121592679.3
15-06-2019,0.323,0.584,0,27,92,75364.953,63860.249,75364953.21,63860249.46
16-06-2019,0.295,0.672,0,22,66,49587.051,105502.752,49587050.97,105502752.2
17-06-2019,0.603,0.811,0,24,59,105504.738,113458.867,105504738.1,113458867.1
18-06-2019,0.382,0.48,0,23,58,74519.739,58525.195,74519739.14,58525195.41
19-06-2019,0.387,0.515,0,23,68,68951.332,53583.197,68951332.32,53583196.91
20-06-2019,0.304,0.587,0,22,66,58273.553,60961.558,58273553,60961557.98
21-06-2019,0.396,0.608,0,24,70,95052.821,65301.006,95052820.59,65301005.6
22-06-2019,0.484,0.683,0,26,96,130808.471,107553.133,130808471.4,107553132.9
23-06-2019,0.342,0.502,0,27,91,75380.73,59758.873,75380729.7,59758872.88
24-06-2019,0.272,0.571,0,24,70,44823.029,47495.48,44823028.95,47495479.63
25-06-2019,0.271,0.509,0,23,61,48499.984,54972.69,48499983.51,54972690.41
26-06-2019,0.358,0.469,0,26,55,60739.1,51958.732,60739099.82,51958732.5
27-06-2019,0.344,0.524,0,26,71,58059.673,57832.865,58059672.65,57832864.68
28-06-2019,0.409,0.479,0,25,63,69409.725,43819.518,69409725.49,43819517.59
29-06-2019,0.243,0.507,0,25,77,57396.863,71650.198,57396863.45,71650198.4
30-06-2019,0.311,0.564,0,26,71,68077.403,84071.306,68077402.73,84071306.24
01-07-2019,0.319,0.877,0,25,102,58275.343,131815.426,58275343.04,131815425.8
02-07-2019,0.285,1.077,0,22,113,53987.603,150787.743,53987602.63,150787743.2
03-07-2019,0.275,1.078,0,26,114,39836.359,126788.321,39836358.71,126788321.1
04-07-2019,0.294,1.316,0,23,97,64310.815,182688.996,64310814.58,182688995.6
05-07-2019,0.328,1.044,0,22,117,87399.603,147126.71,87399603.18,147126710.4
06-07-2019,0.285,0.983,0,23,88,62794.403,156195.858,62794403.32,156195857.6
07-07-2019,0.268,1.199,0,21,99,68460.444,184076.371,68460444.39,184076370.7
08-07-2019,0.239,1.528,0,18,108,18157.616,205932.603,18157616.34,205932603.2
09-07-2019,0.222,1.696,0,24,128,19801.464,209578.441,19801464.06,209578440.9
10-07-2019,0.248,2.147,0,27,119,33231.816,221110.009,33231815.55,221110009
11-07-2019,0.229,1.974,0,24,98,23982.968,223505.82,23982968.09,223505820.2
12-07-2019,0.268,1.9,0,34,106,29623.707,217220.512,29623707.32,217220512.5
13-07-2019,0.286,1.533,0,48,111,24534.436,201958.539,24534435.68,201958539.4
14-07-2019,0.134,1.494,0,22,114,11465.47,192079.094,11465470.21,192079094.1
15-07-2019,0.146,1.657,0,20,115,8610.698,189834.192,8610697.688,189834192
16-07-2019,0.174,1.392,0,25,122,12135.39,157174.161,12135390.1,157174161.3
17-07-2019,0.244,1.516,0,24,114,17008.127,180514.03,17008127.46,180514029.7
18-07-2019,0.325,1.583,0,26,119,71383.559,176746.546,71383559.47,176746545.5
19-07-2019,0.278,1.848,0,30,119,45572.022,201079.368,45572021.88,201079368.3
20-07-2019,0.31,1.634,0,26,132,61761.939,175898.127,61761938.53,175898127
21-07-2019,0.218,1.728,0,26,122,39065.986,228646.883,39065986.44,228646882.6
22-07-2019,0.238,1.541,0,19,111,50471.935,193468.867,50471935.16,193468867
23-07-2019,0.225,1.547,0,26,118,35911.259,205318.15,35911258.63,205318149.7
24-07-2019,0.326,1.561,0,28,123,82295.169,185673.456,82295169.4,185673455.8
25-07-2019,0.271,1.568,0,32,105,54928.715,179407.021,54928715.06,179407021.1
26-07-2019,0.26,1.374,0,29,99,25837.97,185276.336,25837970,185276335.7
27-07-2019,0.299,1.403,0,33,113,37669.849,191810.129,37669848.98,191810129.2
28-07-2019,0.269,1.353,0,23,113,58973.809,159684.3,58973809.45,159684300.3
29-07-2019,0.272,1.378,0,27,101,47772.936,133192.776,47772936.37,133192775.6
30-07-2019,0.204,1.392,0,23,108,47311.861,161414.764,47311861.17,161414764.3
31-07-2019,0.236,1.592,0,21,114,35363.694,186135.338,35363694.35,186135337.6
01-08-2019,0.296,1.323,0,20,105,52255.395,153183.533,52255395.09,153183533.2
02-08-2019,0.308,1.169,0,23,94,66423.357,145835.086,66423357.3,145835086.4
03-08-2019,0.315,1.095,0,31,96,47659.213,149171.525,47659213.01,149171524.7
04-08-2019,0.469,0.92,0,22,86,108214.158,131874.908,108214158.2,131874907.6
05-08-2019,0.301,1.3,0,22,99,43560.69,158103.922,43560689.66,158103921.5
06-08-2019,0.316,1.324,0,23,99,53074.24,174311.437,53074239.9,174311436.8
07-08-2019,0.307,1.118,0,26,91,48110.453,142957.901,48110452.98,142957900.6
08-08-2019,0.279,0.849,0,22,75,66265.728,46422.675,66265727.96,46422675.41
09-08-2019,0.264,1.438,0,24,73,48575.387,85581.439,48575386.54,85581439.38
10-08-2019,0.258,0.838,0,21,74,58770.809,132946.73,58770809.48,132946729.9
11-08-2019,0.216,0.715,0,20,61,50266.533,100454.212,50266532.55,100454211.5
12-08-2019,0.258,0.658,0,22,74,37335.802,66538.281,37335802.02,66538281.27
13-08-2019,0.363,0.751,0,20,70,82661.382,92191.166,82661381.71,92191166.33
14-08-2019,0.272,0.703,0,20,73,44408.34,88964.619,44408339.87,88964618.94
15-08-2019,0.469,0.828,0,35,70,82581.319,113555.401,82581319.19,113555400.9
16-08-2019,0.386,0.766,0,24,58,74525.213,108246.261,74525213.48,108246260.6
17-08-2019,0.276,0.771,0,24,68,56304.27,112287.828,56304269.54,112287828.1
18-08-2019,0.278,0.65,0,19,66,49492.905,63753.739,49492905.31,63753738.68
19-08-2019,0.402,0.684,0,24,69,79743.257,64849.059,79743256.69,64849058.51
20-08-2019,0.241,0.732,0,21,67,29458.401,89050.432,29458400.58,89050431.53
21-08-2019,0.224,0.719,0,22,61,16091.795,111087.662,16091795.48,111087662.3
22-08-2019,0.213,0.784,0,24,68,11878.848,148019.71,11878848.27,148019710.3
23-08-2019,0.23,0.733,0,26,68,24374.259,100482.679,24374258.94,100482678.5
24-08-2019,0.276,0.645,0,40,81,40016.335,87365.818,40016335.38,87365817.91
25-08-2019,0.2,0.66,0,23,66,19506.37,90532.696,19506370.04,90532696.08
26-08-2019,0.252,0.629,0,20,64,16207.524,54409.668,16207524.1,54409667.7
27-08-2019,0.216,0.57,0,19,58,25789.599,52913.52,25789599.44,52913520.49
28-08-2019,0.197,0.659,0,20,55,16616.743,66972.645,16616742.54,66972644.63
29-08-2019,0.209,0.701,0,22,71,20834.767,85906.739,20834766.72,85906739.09
30-08-2019,0.209,0.558,0,23,51,14678.837,57453.177,14678836.59,57453176.69
31-08-2019,0.256,0.572,0,35,56,13307.052,63235.757,13307052.13,63235756.87
01-09-2019,0.263,0.338,0,25,58,21839.392,35709.585,21839391.52,35709585.15
02-09-2019,0.163,0.342,0,18,39,6028.962,33712.841,6028961.923,33712840.57
03-09-2019,0.146,0.535,0,19,45,9785.142,63995.559,9785142.408,63995558.96
04-09-2019,0.149,0.437,0,20,50,7981.599,50329.861,7981598.985,50329860.63
05-09-2019,0.224,0.516,0,21,52,10009.863,59291.809,10009862.64,59291809.1
06-09-2019,0.194,0.416,0,20,49,11874.229,39214.504,11874229.14,39214504.46
07-09-2019,0.23,0.408,0,27,49,23298.497,60248.926,23298496.78,60248925.68
08-09-2019,0.303,0.44,0,25,47,38853.032,62930.54,38853031.94,62930539.78
09-09-2019,0.243,0.51,0,22,42,40740.839,53889.461,40740839.4,53889461
10-09-2019,0.217,0.601,0,15,51,29333.941,69035.207,29333941.19,69035206.51
11-09-2019,0.203,0.525,0,21,42,20071.712,72541.192,20071711.95,72541192.48
12-09-2019,0.253,0.542,0,20,51,13223.968,79855.973,13223967.72,79855973.47
13-09-2019,0.314,0.491,0,30,42,31720.6,82307.196,31720600.28,82307196.26
14-09-2019,0.35,0.541,0,23,45,80771.411,106785.714,80771410.85,106785714.4
15-09-2019,0.208,0.465,0,21,46,33197.94,72448.616,33197939.73,72448616.05
16-09-2019,0.202,0.417,0,18,40,20890.638,38597.51,20890638.07,38597510.28
17-09-2019,0.209,0.442,0,21,37,27614.883,79374.604,27614883.11,79374603.6
18-09-2019,0.222,0.362,0,22,37,24265.441,55442.277,24265440.67,55442276.8
19-09-2019,0.189,0.505,0,20,40,13931.291,58623.89,13931290.5,58623889.87
20-09-2019,0.224,0.552,0,18,40,32372.675,95516.29,32372675.06,95516290.43
21-09-2019,0.237,0.459,0,24,41,39408.175,86536.904,39408175.01,86536903.52
22-09-2019,0.246,0.43,0,25,35,44425.509,68604.438,44425509,68604437.58
23-09-2019,0.267,0.42,0,17,33,22225.365,43934.565,22225365.13,43934564.89
